Need,Tele
Delete,Millet
NeedDelete,TeleMillet
is,By
Test,Life
isTest,ByLife
Keys,Prey
outline,Cheaply
Vertex,Scarce
List,Trip
outlineVertexList,CheaplyScarceTrip
_outlineVertexList,_CheaplyScarceTrip
vertex,Create
vertexList,CreateTrip
_vertexList,_CreateTrip
CHANNEL,CHANNEL
ID,ID
CHANNEL_ID,CHANNEL_ID
url,Bag
Scheme,Immune
urlScheme,BagImmune
m,m
Vetex,Mercy
VetexList,MercyTrip
m_VetexList,m_MercyTrip
Data,Line
Suit,Leap
Image,Fifth
SuitImage,LeapFifth
Little,Hiccup
LittleSuitImage,HiccupLeapFifth
Value,Dodge
Text,Moss
ValueText,DodgeMoss
Back,Sort
BackImage,SortFifth
original,Sexually
Position,Citation
originalPosition,SexuallyCitation
Parent,Quasar
originalParent,SexuallyQuasar
dragging,Overcast
Cards,Brass
draggingCards,OvercastBrass
Dragging,Decision
isDragging,ByDecision
Special,Briefly
Effect,Guinea
SpecialEffect,BrieflyGuinea
Scratch,Thrifty
Card,Keel
ScratchCard,ThriftyKeel
Special_ScratchCard,Briefly_ThriftyKeel
Lucky,Await
Wheel,Faith
LuckyWheel,AwaitFaith
Special_LuckyWheel,Briefly_AwaitFaith
Cash,Note
Special_Cash,Briefly_Note
Prefab,Quiver
CardPrefab,KeelQuiver
Sprites,Outflow
SuitSprites,LeapOutflow
Texts,Vogue
ValueTexts,DodgeVogue
Gap,Inn
Y,Y
Gap_Y,Inn_Y
Up,Of
Deck,Pram
UpDeck,OfPram
Face,High
FaceUp,HighOf
UpDeck_FaceUp,OfPram_HighOf
Down,Pink
FaceDown,HighPink
UpDeck_FaceDown,OfPram_HighPink
Area,Peck
UpArea,OfPeck
DownArea,PinkPeck
Drag,Waxy
Distance,Evidence
Check,Cigar
DragDistanceCheck,WaxyEvidenceCigar
card,Pose
To,Be
Map,Ago
cardDataToCardMap,PoseLineBeKeelAgo
Save,Shed
Key,Can
SaveKey,ShedCan
undo,File
Stack,Robin
undoStack,FileRobin
Smart,Cedar
Flip,Barb
Probability,Immigration
SmartFlipProbability,CedarBarbImmigration
Is,Up
Win,Urn
Collecting,Exorbitant
IsWinCollecting,UpUrnExorbitant
time,Copy
Counter,Shudder
timeCounter,CopyShudder
Time,Mold
Penalty,Essence
Interval,Demolish
TimePenaltyInterval,MoldEssenceDemolish
Score,Dense
TimePenaltyScore,MoldEssenceDense
last,Feed
lastScorePenaltyTime,FeedDenseEssenceMold
move,Deal
Count,Waist
moveCount,DealWaist
game,Abut
Start,Badge
gameStartTime,AbutBadgeMold
Reward,Starve
Names,Prose
RewardCardNames,StarveKeelProse
UpDeck_RewardCardNames,OfPram_StarveKeelProse
Trigger,Deposit
IsTriggerSpecial,UpDepositBriefly
IsTriggerSpecial_ScratchCard,UpDepositBriefly_ThriftyKeel
IsTriggerSpecial_LuckyWheel,UpDepositBriefly_AwaitFaith
Money,Sonic
IsTriggerSpecial_Money,UpDepositBriefly_Sonic
Slot,Dish
IsTriggerSpecial_Slot,UpDepositBriefly_Dish
Wait,Mime
Game,Kick
WaitSpecialGameIE,MimeBrieflyKickIE
SpecialGameTimeCounter,BrieflyKickMoldShudder
LuckyWheelCount,AwaitFaithWaist
Played,Scarce
IsPlayedSpecialSlot,UpPlayedBrieflyDish
Auto,Taut
Move,Slum
Add,Peg
Pos,Sum
AutoMoveCardAddScoreEffectPos,TautSlumKeelPegDenseGuineaSum
IsFaceUp,UpHighOf
Rewarded,Computer
IsUpAreaRewarded,UpOfPeckComputer
States,Jobber
CardUIStates,KeelUIJobber
MoveCount,SlumWaist
GameTime,KickMold
Name,Stew
ParentName,QuasarStew
ready,Amino
Fly,Sac
FlyX,SacX
Top,Cup
TopY,CupY
Bottom,Grotto
BottomY,GrottoY
Offect,Enamel
OffectY,EnamelY
Anim,Tire
AnimTime,TireMold
Gold,Cast
GoldText,CastMoss
GoldReward,CastStarve
CashText,NoteMoss
CashReward,NoteStarve
Giveup,Violet
Btn,Gem
GiveupBtn,VioletGem
Get,Far
GetBtn,FarGem
Spine,Depot
RewardSpine,StarveDepot
Show,Bind
RewardShowList,StarveBindTrip
Icon,Part
GoldIcon,CastPart
CashIcon,NotePart
ScoreText,DenseMoss
MoveCountText,SlumWaistMoss
TimeText,MoldMoss
Finish,Jobber
Panel,Swear
FinishPanel,FinishSwear
WinPanel,UrnSwear
WinSpine,UrnDepot
Stars,Taint
ShowList,BindTrip
Magic,Carve
Wand,Neon
MagicWand,CarveNeon
StarsStartTF,TaintBadgeTF
StarsEffect,TaintGuinea
Fx,Me
Fx_Show,Me_Bind
Item,Afar
AddScoreItem,PegDenseAfar
star,Germ
starEffect,GermGuinea
Reward_Gold,Starve_Cast
RewardText,StarveMoss
RewardText_Gold,StarveMoss_Cast
Reward_Cash,Starve_Note
RewardText_Cash,StarveMoss_Note
Group,Perry
HSlotGroup,HDishPerry
HSlotBtn,HDishGem
Lose,Soap
LosePanel,SoapSwear
Revive,Graham
ReviveBtn,GrahamGem
Re,He
ReStartBtn,HeBadgeGem
Win_ReStartBtn,Urn_HeBadgeGem
Lose_ReStartBtn,Soap_HeBadgeGem
Setting,Gradual
SettingBtn,GradualGem
Delay,Award
DelayShowGetBtn,AwardBindFarGem
LittleSlot,HiccupDish
_LittleSlot,_HiccupDish
Fill,Gene
LuckyWheel_Fill,AwaitFaith_Gene
Bubble,Avenue
FlyBubble,SacAvenue
_FlyBubble,_SacAvenue
CardParent,KeelQuasar
CardParent_UpDeck,KeelQuasar_OfPram
CardParent_UpArea,KeelQuasar_OfPeck
CardParent_DownArea,KeelQuasar_PinkPeck
CardParent_Drag,KeelQuasar_Waxy
Born,Avid
CardBorn,KeelAvid
Pos_CardBorn,Sum_KeelAvid
Pos_UpDeck_FaceUp,Sum_OfPram_HighOf
Pos_UpDeck_FaceDown,Sum_OfPram_HighPink
Pos_UpArea,Sum_OfPeck
Pos_DownArea,Sum_PinkPeck
FlipBtn,BarbGem
UpDeck_FlipBtn,OfPram_BarbGem
RewardEffect,StarveGuinea
UpArea_RewardEffect,OfPeck_StarveGuinea
UpDeck_RewardEffect,OfPram_StarveGuinea
Tip,May
CardTipBtn,KeelMayGem
CardTip,KeelMay
Showing,Asphalt
isShowingTip,ByAsphaltMay
Message,African
TipMessageText,MayAfricanMoss
TipMessagePanel,MayAfricanSwear
Prop,Genu
TipCount,MayWaist
Prop_TipCount,Genu_MayWaist
Undo,Note
UndoBtn,UndoGem
Mask,Verb
UndoCount,NoteWaist
Prop_UndoCount,Genu_NoteWaist
Price,Bread
PropPrice,GenuBread
Out,Red
CashOutBtn,NoteRedGem
has,Age
hasTip,AgeMay
source,Crisis
sourceCard,CrisisKeel
target,Potato
targetPosition,PotatoCitation
tip,Cat
tipMessage,CatAfrican
Block,Ocher
Center,Extend
Hand,Hope
Info,Bold
Bg,He
InfoBg,BoldBg
Guide,Infer
Index,Dodge
GuideIndex,InferIndex
Next,Open
NextBtn,OpenGem
InfoMoveIE,BoldSlumIE
Button,Gibbon
ADButton,ADGibbon
Level,Dodge
NextLevelButton,OpenLevelGibbon
ADText,ADMoss
SlotBG,DishBG
RewardCashImage,StarveNoteFifth
RewardGoldImage,StarveCastFifth
reward,Valley
rewardValue,ValleyDodge
Clicked,Lifeway
Ad,It
hasClickedAdBtn,AgeLifewayItGem
slider,Wisdom
sliderImage,WisdomFifth
progress,Bachelor
progressText,BachelorMoss
Spin,Pray
SpinBtn,PrayGem
Big,Not
BigWheel,NotFaith
BigWheelItem,NotFaithAfar
Small,Worry
SmallWheel,WorryFaith
SmallWheelText,WorryFaithMoss
Pointer,Rooster
WheelItem,FaithAfar
WheelEffect,FaithGuinea
WheelEffect_1,FaithGuinea_1
Curve,Tepee
WheelCurve,FaithTepee
RewardDataList,StarveLineTrip
Multi,Medal
MultiList,MedalTrip
WinData,UrnLine
BigIndex,NotDodge
SmallIndex,WorryDodge
Sprite,Review
star1Sprite,Germ1Review
star2Sprite,Germ2Review
Prop_Tip,Genu_May
Prop_Tip_Text,Genu_May_Moss
TipReward,MayStarve
Prop_TipReward,Genu_MayStarve
Prop_Undo,Genu_Note
Prop_Undo_Text,Genu_Note_Moss
UndoReward,NoteStarve
Prop_UndoReward,Genu_NoteStarve
SlotGroup,DishPerry
SlotBtn,DishGem
Event,Inuit
FinishEvent,JobberInuit
Watched,Sunrise
IsWatchedAD,UpSunriseAD
EventID,InuitID
Brush,Decay
Radius,Wonder
BrushRadius,DecayWonder
Percent,Emotive
FinishPercent,JobberEmotive
ScratchShowList,ThriftyBindTrip
ShowSpine,BindDepot
IsFinish,UpJobber
Texture,Roadway
MaskTexture,VerbRoadway
MaskImage,VerbFifth
_Texture,_Roadway
Width,Agree
TextureWidth,RoadwayAgree
Height,Milieu
TextureHeight,RoadwayMilieu
Length,Carbon
TextureLength,RoadwayCarbon
Trase,Mouth
TraseLength,MouthCarbon
Camera,Decade
_Camera,_Decade
Last,Bulk
LastPosition,BulkCitation
_LastPosition,_BulkCitation
Target,London
Nums,Mill
TargetNums,LondonMill
Num,Lad
TargetNumTexts,LondonLadVogue
Datas,Modem
ItemDatas,AfarModem
Items,Rural
Numbers,Vestige
ItemNumbers,AfarVestige
Type,Joke
RewardType,StarveJoke
_RewardType,_StarveJoke
RewardValue,StarveDodge
Sound,Agent
Sound_Button,Agent_Gibbon
Music,Leafy
Music_Button,Leafy_Gibbon
Vibrate,Balance
Vibrate_Button,Balance_Gibbon
AutoBtn,TautGem
Continue,Sidewalk
Continue_Button,Sidewalk_Gibbon
Init,Deaf
InitGroup,DeafPerry
ItemSprites,AfarOutflow
template,Ethology
Object,Pepper
templateMultiObject,EthologyMedalPepper
item,Seal
itemWidth,SealAgree
Audio,Fluke
Mgr,Leg
AudioMgr,FlukeLeg
Component,Primitive
Queue,Clump
AudioComponentQueue,FlukePrimitiveClump
Max,Gel
MaxCount,GelWaist
AudioQueue,FlukeClump
bg,On
bgMusic,OnLeafy
m_bgMusic,m_OnLeafy
Play,Haul
Source,Iodine
PlayAudioSourceList,HaulFlukeIodineTrip
CheckInterval,CigarDemolish
Switch,Factor
BgMusicSwitch,HeLeafyFactor
_BgMusicSwitch,_HeLeafyFactor
EffectMusicSwitch,GuineaLeafyFactor
_EffectMusicSwitch,_GuineaLeafyFactor
VibrateSwitch,BalanceFactor
_VibrateSwitch,_BalanceFactor
Volume,Inborn
BgVolume,HeInborn
_BgVolume,_HeInborn
EffectVolume,GuineaInborn
_EffectVolume,_GuineaInborn
BGM,BGM
BGM_Name,BGM_Stew
Dict,Mate
AudioSettingDict,FlukeGradualMate
Round,Amino
Digits,Attend
RoundDigits,RoundAttend
frames,Unless
framerate,Womanhood
ignore,Mildly
Scale,Fifth
ignoreTimeScale,MildlyMoldScale
loop,Ploy
curve,Tepee
image,Story
sprite,Plague
Renderer,Untimely
spriteRenderer,PlagueUntimely
current,Mortise
Frame,Screw
currentFrameIndex,MortiseScrewDodge
timer,Quote
Framerate,Fluctuate
currentFramerate,MortiseFluctuate
Target_Type,London_Joke
Layout,Potato
Layout_Type,Layout_Joke
Run,Old
Run_Time,Old_Mold
Number,Formal
Layout_Number,Potato_Formal
adjust,Shrine
adjustID,ShrineID
sv,Or
Just,Jump
ADJustInitType,ADJumpDeafJoke
sv_ADJustInitType,Or_ADJumpDeafJoke
ADJustTime,ADJumpMold
sv_ADJustTime,Or_ADJumpMold
Revenue,Machine
adjustInitAdRevenue,ShrineDeafItMachine
MAX,MAX
SDK,SDK
KEY,KEY
MAX_SDK_KEY,MAX_SDK_KEY
REWARD,REWARD
MAX_REWARD_ID,MAX_REWARD_ID
INTER,INTER
MAX_INTER_ID,MAX_INTER_ID
retry,Civil
Attempt,Speckle
retryAttempt,CivilSpeckle
isShowingAd,ByAsphaltIt
Network,Anymore
rewardNetworkName,ValleyAnymoreStew
Call,Test
Action,Gossip
rewardCallBackAction,ValleyTestSortGossip
Success,Depress
rewardSuccess,ValleyDepress
rewardIndex,ValleyDodge
interstitial,Quantifiable
interstitialNetworkName,QuantifiableAnymoreStew
interstitialType,QuantifiableJoke
interstitialIndex,QuantifiableDodge
ad,It
Playing,Disgust
Callbacks,Wholesale
adPlayingCallbacks,adDisgustWholesale
application,Unspecified
Pause,Caput
Timestamp,Collision
applicationPauseTimestamp,UnspecifiedCaputCollision
Custom,Potion
RewardAdCustomData,StarveItPotionLine
Interstitial,Expansionist
InterstitialAdCustomData,ExpansionistItPotionLine
dictionary,Understory
dictionaryMessage,UnderstoryAfrican
value,Noble
Bool,Gray
valueBool,NobleGray
valueBool2,NobleGray2
Int,Wit
valueInt,NobleWit
valueInt2,NobleWit2
valueInt3,NobleWit3
Float,Reach
valueFloat,NobleReach
valueFloat2,NobleReach2
Double,Embryo
valueDouble,NobleEmbryo
valueDouble2,NobleEmbryo2
String,Stench
valueString,NobleStench
valueString2,NobleStench2
valueGameObject,NobleKickPepper
valueGameObject2,NobleKickPepper2
valueGameObject3,NobleKickPepper3
valueGameObject4,NobleKickPepper4
Transform,Skeptical
valueTransform,NobleSkeptical
valueStringList,NobleStenchTrip
Vec,Cab
valueVec,NobleCab
valueVec2List,NobleCab2Trip
valueIntList,NobleWitTrip
message,Optical
messageCallBack,OpticalTestSort
vec,Low
vec2_1,Low2_1
vec2_2,Low2_2
Login,Bless
Url,Pit
LoginUrl,BlessPit
Config,Adjoin
ConfigUrl,AdjoinPit
TimeUrl,MoldPit
Adjust,Shroud
AdjustUrl,ShroudPit
Local,Frame
User,Pork
Id,At
LocalUserId,FramePorkAt
sv_LocalUserId,Or_FramePorkAt
Server,Fleshy
LocalServerId,FrameFleshyAt
sv_LocalServerId,Or_FrameFleshyAt
New,Gun
Player,Victim
IsNewPlayer,UpGunVictim
sv_IsNewPlayer,Or_UpGunVictim
Daily,Score
Bouns,Gland
DailyBounsGetCount,ScoreGlandFarWaist
sv_DailyBounsGetCount,Or_ScoreGlandFarWaist
Date,Ward
DailyBounsDate,ScoreGlandWard
sv_DailyBounsDate,Or_ScoreGlandWard
Step,Boat
NewUserStep,GunPorkBoat
sv_NewUserStep,Or_GunPorkBoat
Coin,Slit
GoldCoin,CastSlit
sv_GoldCoin,Or_CastSlit
Cumulative,Generation
CumulativeGoldCoin,GenerationCastSlit
sv_CumulativeGoldCoin,Or_GenerationCastSlit
Token,Goods
sv_Token,Or_Goods
CumulativeToken,GenerationGoods
sv_CumulativeToken,Or_GenerationGoods
Amazon,Entity
sv_Amazon,Or_Entity
CumulativeAmazon,GenerationEntity
sv_CumulativeAmazon,Or_GenerationEntity
Total,Endow
TotalGameTime,EndowKickMold
sv_TotalGameTime,Or_EndowKickMold
First,Befit
FirstGetToken,BefitFarGoods
sv_FirstGetToken,Or_BefitFarGoods
Has,Pul
Rate,Mask
HasShowRatePanel,PulBindMaskSwear
sv_HasShowRatePanel,Or_PulBindMaskSwear
Lottery,Octopus
CumulativeLottery,GenerationOctopus
sv_CumulativeLottery,Or_GenerationOctopus
Already,Pretend
Pass,High
Levels,Member
AlreadyPassLevels,PretendPassMember
sv_AlreadyPassLevels,Or_PretendPassMember
NewUserStepFinish,GunPorkBoatJobber
sv_NewUserStepFinish,Or_GunPorkBoatJobber
task,Jolt
level,Weave
count,Slice
sv_task_level_count,Or_Jolt_Weave_Slice
FirstSlot,BefitDish
sv_FirstSlot,Or_BefitDish
Adid,Yawn
AdjustAdid,ShroudYawn
sv_AdjustAdid,Or_ShroudYawn
trial,First
num,Toy
sv_ad_trial_num,Or_It_First_Toy
total,March
sv_total_ad_num,Or_March_It_Toy
mg,We
Window,Fluffy
Open,Plus
WindowOpen,FluffyPlus
mg_WindowOpen,We_FluffyPlus
Close,First
WindowClose,FluffyClose
mg_WindowClose,We_FluffyClose
ui,Me
levelcomplete,Inconsistency
mg_ui_levelcomplete,We_ui_Inconsistency
addgold,Miocene
mg_ui_addgold,We_Me_Miocene
addtoken,Tapestry
mg_ui_addtoken,We_Me_Tapestry
addamazon,Partition
mg_ui_addamazon,We_Me_Partition
Suspend,Distant
GameSuspend,KickDistant
mg_GameSuspend,We_KickDistant
Change,Uranus
ItemChange,AfarUranus
mg_ItemChange_,We_AfarUranus_
Activity,Colonize
State,Widow
ActivityStateChange,ColonizeWidowUranus
mg_ActivityStateChange_,We_ColonizeWidowUranus_
LevelMaxLevelChange,DodgeGelDodgeUranus
mg_LevelMaxLevelChange,We_DodgeGelDodgeUranus
path,Dirt
path_GoldCoin_Sprite,Dirt_CastSlit_Review
Dimond,Mosaic
path_Token_Sprite_Dimond,Dirt_Goods_Review_Mosaic
TIMEOUT,TIMEOUT
Base,Snow
BaseUrl,SnowPit
BaseLoginUrl,SnowBlessPit
BaseConfigUrl,SnowAdjoinPit
BaseTimeUrl,SnowMoldPit
BaseAdjustUrl,SnowShroudPit
Code,Read
GameCode,KickRead
Channel,Pronoun
country,License
ConfigData,AdjoinLine
InitData,DeafLine
GameData,KickLine
_GameData,_KickLine
Manager,Rancher
adManager,ItRancher
gaid,Chop
aid,Jet
idfa,Cure
ready_count,Amino_Slice
From,Duke
DataFrom,LineDuke
CheckCount,CigarWaist
Tracker,Distend
TrackerName,DistendStew
Event_TrackerName,Inuit_DistendStew
Ok,If
CheckOk,CigarIf
_CheckOk,_CigarIf
Str,Sow
UserDataStr,PorkLineSow
UserData,PorkLine
GetUserInfoCount,FarPorkBoldWaist
text,Cane
GetSuccess,FarDepress
Fail,Gobi
GetFail,FarGobi
DEFAULT,DEFAULT
DEFAULT_TIMEOUT,DEFAULT_TIMEOUT
RETRY,RETRY
COUNT,COUNT
MAX_RETRY_COUNT,MAX_RETRY_COUNT
INTERVAL,INTERVAL
RETRY_INTERVAL,RETRY_INTERVAL
request,Amplify
Tasks,Milky
requestTasks,AmplifyMilky
Net,Toe
Work,Keel
NetWorkGetList,ToeWorkFarTrip
Post,Whim
NetWorkPostList,ToeKeelWhimTrip
URL,URL
Form,Mode
PostSuccess,WhimDepress
PostFail,WhimGobi
targetImage,PotatoFifth
corners,Flaming
Offset,Friend
targetOffsetX,PotatoFriendX
targetOffsetY,PotatoFriendY
material,Initiate
currentOffsetX,MortiseFriendX
currentOffsetY,MortiseFriendY
shrink,Prompt
shrinkTime,PromptMold
event,Piece
Penetrate,Operation
eventPenetrate,PieceOperation
targetWidth,PotatoAgree
targetHeight,PotatoMilieu
Velocity,Quantity
shrinkVelocityX,PromptQuantityX
shrinkVelocityY,PromptQuantityY
center,Barter
Pool,Kind
PoolQueue,KindClump
m_PoolQueue,m_KindClump
PoolName,KindStew
m_PoolName,m_KindStew
m_Parent,m_Quasar
prefab,Sweaty
m_MaxCount,m_GelWaist
Default,Florist
DefaultMaxCount,FloristGelWaist
m_DefaultMaxCount,m_FloristGelWaist
Dic,Hit
PoolDic,KindHit
m_PoolDic,m_KindHit
Root,Root
RootTransform,RootSkeptical
m_RootTransform,m_RootSkeptical
Toast,Groom
ToastText,GroomMoss
need,Them
Refresh,Balcony
needStartRefresh,ThemBadgeBalcony
Adjust_TrackerName,Shroud_DistendStew
AP,AP
Save_AP,Shed_AP
Normal,Recess
Mode,Belt
NormalModeName,RecessBeltStew
Distances,Trumpeter
Reason,Tethys
Log,Wax
StepLog,BoatWax
NumText,LadMoss
Clock,Diver
ClockText,DiverMoss
countdown,Imitation
CloseButton,FirstGibbon
Gift,Whip
GiftItems,WhipRural
Un,If
UnGet,UnFar
Claimed,Counsel
Current,Voyager
ClaimedIcon,CounselPart
ClaimedNum,CounselLad
Collect,Dynamic
CollectButton,DynamicGibbon
Day,Tip
DayIndex,TipDodge
CollectItemPrefab,DynamicAfarQuiver
Rewards,Britain
Container,Attention
RewardsContainer,BritainAttention
GetButton,FarGibbon
Lock,Bent
LockIcon,BentPart
PriceText,BreadMoss
ItemBG,AfarBG
itemDB,SealDB
Locked,Sample
isLocked,BySample
CloseBtn,FirstGem
Endless,Quitter
EndlessItemPrefab,QuitterAfarQuiver
endless,Airport
endlessItemList,AirportAfarTrip
uiIndex,MeDodge
Progress,Maneuver
Bar,Man
ProgressBar,ManeuverMan
RewardIcon,StarvePart
box,Leg
Health,Wander
HealthNumText,WanderLadMoss
Countdown,Foodstuff
HealthCountdownText,WanderFoodstuffMoss
GoldBar,CastMan
Diamond,Magenta
DiamondBar,MagentaMan
HealthBar,WanderMan
PlayButton,HaulGibbon
resource,Ironwork
resourceType,IronworkJoke
AutoChange,TautUranus
old,End
oldNum,EndLad
Active,Refute
Color,Eager
ActiveBgColor,RefuteHeEager
DefaultBgColor,FloristHeEager
ActiveTextColor,RefuteMossEager
DefaultTextColor,FloristMossEager
Ranking,Livable
RankingText,LivableMoss
Avatar,Purify
UserName,PorkStew
Resource,Overhead
ResourceBar,OverheadMan
ResourceImage,OverheadFifth
ResourceText,OverheadMoss
RewardButton,StarveGibbon
Rank,Love
RankSprites,LoveOutflow
RewardSprites,StarveOutflow
Canvas,Grotto
RewardCanvas,StarveCanvas
RewardContainer,StarveAttention
RankRewardPrefab,LoveStarveQuiver
RankItemPrefab,LoveAfarQuiver
RankItemContainer,LoveAfarAttention
Claim,Wrong
ClaimButton,WrongGibbon
My,He
MyRankItem,MyLoveAfar
Main,Limy
RankId,LoveAt
RankItemHeight,LoveAfarMilieu
rank,Hail
rankItems,HailRural
lastRankIndex,FeedLoveDodge
Buy,Hot
BuyButton,HotGibbon
Title,Delft
RewardCount,StarveWaist
BuyIcon,HotPart
BuyButtonText,HotGibbonMoss
Content,Totally
RewardItemContent,StarveAfarTotally
Tag,But
TipTag,MayBut
Discount,Reappear
DiscountTag,ReappearBut
DiscountText,ReappearMoss
shop,Pont
shopPanel,PontSwear
single,Dollar
singleMode,DollarBelt
Shop,Soda
ShopItems,SodaRural
ItemIcon,AfarPart
ItemNum,AfarLad
AdjustAdidText,ShroudYawnMoss
ServerIdText,FleshyAtMoss
Act,Ice
ActCounterText,IceShudderMoss
AdjustTypeText,ShroudJokeMoss
Reset,Burst
ResetActCountButton,BurstIceWaistGibbon
AddActCountButton,PegIceWaistGibbon
LastPlayTimeCounterText,BulkHaulMoldShudderMoss
Counter101Text,Shudder101Moss
Counter102Text,Shudder102Moss
Counter103Text,Shudder103Moss
Trial,Rally
TrialNumText,RallyLadMoss
PlayRewardedAdButton,HaulComputerItGibbon
PlayInterstitialAdButton,HaulExpansionistItGibbon
No,If
Thanks,Corona
NoThanksButton,NoCoronaGibbon
TrialNumButton,RallyLadGibbon
TimeInterstitialText,MoldExpansionistMoss
PauseTimeInterstitialButton,CaputMoldExpansionistGibbon
Resume,Repute
ResumeTimeInterstitialButton,ReputeMoldExpansionistGibbon
msgs,Nose
daily,Vogue
Gifts,Storm
dailyGifts,dailyStorm
Treasures,Statuette
endlessTreasures,AirportStatuette
currentIndex,MortiseDodge
Attend,Lordly
Times,Brook
currentAttendTimes,MortiseLordlyBrook
ShopId,SodaAt
boxes,Enemy
Update,Solder
lastUpdateTime,FeedSolderMold
unlimited,Celebrity
unlimitedTime,CelebrityMold
Groups,Modern
itemGroups,SealModern
levelDic,WeaveHit
currentLevelIndex,MortiseDodgeDodge
max,Wee
maxLevelIndex,WeeDodgeDodge
health,Carpet
Cost,Some
healthCost,CarpetSome
ranks,Hypha
user,They
userNames,TheyProse
shops,Glean
shopDict,PontMate
skins,Brave
skin,Dash
skinDict,DashMate
Types,Carve
skinTypes,DashTypes
active,Cavern
Skin,Moat
activeSkin,CavernMoat
attend,Rotate
attendTimes,RotateBrook
period,Offset
periodStartTime,OffsetBadgeMold
End,Rid
periodEndTime,OffsetRidMold
data,Mark
boxLevelData,LegDodgeLine
currentValue,MortiseDodge
Lv,My
currentLv,MortiseMy
currentProgress,MortiseManeuver
type,Mode
value_type,Noble_type
comment,Willing
icon,Gram
default,Contend
defaultValue,ContendDodge
min,Lid
minValue,LidDodge
maxValue,WeeDodge
id,To
item_id,Seal_To
item_num,Seal_Toy
itemgroup,Infantile
itemgroup_id,Infantile_To
gp,Be
pid,Bid
gp_pid,gp_Bid
ios,May
ios_pid,ios_Bid
shop_icon,Pont_Gram
title,Price
purchase,Nobility
purchase_type,Nobility_Mode
price,Guest
show,Open
is_show,By_show
box_id,Leg_To
exp,Use
key,Fix
exp_key,Use_Fix
exp_value,Use_Noble
item_value,Seal_Noble
skin_type,Dash_Mode
unlock,Abound
unlock_type,Abound_Mode
unlock_value,Abound_Noble
unlock_level,Abound_Weave
start,Ahead
start_time,Ahead_Copy
duration,Bacteria
phases,Canvas
start_type,Ahead_Mode
panel,Hilly
auto,Seep
settlement,Cincinnati
auto_settlement,Seep_Cincinnati
overlap,Romance
open,Urge
auto_open_time,Seep_Urge_Copy
priority,Fanciful
auto_open_priority,Seep_Urge_Fanciful
day,Jaw
shop_id,Pont_To
rank_id,Hail_To
activity,Northern
activity_id,Northern_To
item_num_type,Seal_Toy_Mode
clear,Logic
clear_item,Logic_Seal
ranking,Undergo
max_ranking,Wee_Undergo
min_rank,Lid_Hail
max_rank,Wee_Hail
_Icon,_Part
score,Today
startTimes,AheadBrook
victory,Balcony
victoryTimes,victoryBrook
_data,_Mark
rewards,Dynamic
Indexes,Slavery
rewardIndexes,ValleySlavery
my,Me
myRank,myLove
itemNum,SealLad
users,Climb
myRanking,MeLivable
locked,Radium
avatar,Source
userName,TheyStew
currentNum,MortiseLad
actived,Speaker
gameSetting,AbutGradual
itemGroup,SealPerry
Box,Tug
expBox,UseTug
App,Gut
AppSetting,GutGradual
_AppSetting,_GutGradual
SYS,SYS
PATH,PATH
CANVAS,CANVAS
SYS_PATH_CANVAS,SYS_PATH_CANVAS
UIFORMS,UIFORMS
CONFIG,CONFIG
INFO,INFO
SYS_PATH_UIFORMS_CONFIG_INFO,SYS_PATH_UIFORMS_CONFIG_INFO
TAG,TAG
SYS_TAG_CANVAS,SYS_TAG_CANVAS
NORMAL,NORMAL
NODE,NODE
SYS_NORMAL_NODE,SYS_NORMAL_NODE
FIXED,FIXED
SYS_FIXED_NODE,SYS_FIXED_NODE
POPUP,POPUP
SYS_POPUP_NODE,SYS_POPUP_NODE
TOP,TOP
SYS_TOP_NODE,SYS_TOP_NODE
SCRIPTMANAGER,SCRIPTMANAGER
SYS_SCRIPTMANAGER_NODE,SYS_SCRIPTMANAGER_NODE
UICAMERA,UICAMERA
SYS_UICAMERA_NODE,SYS_UICAMERA_NODE
on,My
Click,Sully
onClick,onSully
onDown,MyPink
Enter,Craft
onEnter,MyCraft
Exit,Fish
onExit,MyFish
onUp,MyOf
Select,Rejoin
onSelect,MyRejoin
onUpdateSelect,MySolderRejoin
dic,May
Messages,Unsettle
dicMessages,dicUnsettle
_dicMessages,_dicUnsettle
_Key,_Can
Values,Closet
_Values,_Closet
Instance,Befriend
_Instance,_Befriend
ht,To
Go,So
GoCanvasRoot,SoGrottoRoot
_GoCanvasRoot,_SoGrottoRoot
Tra,Gar
Scripts,Flatter
Node,Whig
TraUIScriptsNode,GarUIFlatterWhig
_TraUIScriptsNode,_GarUIFlatterWhig
GoToPanel,SoBeSwear
_GoToPanel,_SoBeSwear
GoMaskPanel,SoVerbSwear
_GoMaskPanel,_SoVerbSwear
UICamera,UIDecade
_UICamera,_UIDecade
Original,Thorough
Depth,Ranch
OriginalUICameraDepth,ThoroughUIDecadeRanch
_OriginalUICameraDepth,_ThoroughUIDecadeRanch
Instatnce,Sugarlike
_Instatnce,_Sugarlike
Lauguage,Analysis
Cache,Draft
DicLauguageCache,HitAnalysisDraft
_DicLauguageCache,_HitAnalysisDraft
CurrentUIType,VoyagerUIJoke
_CurrentUIType,_VoyagerUIJoke
close,Stuff
button,Notice
close_button,Stuff_Notice
MainCanvas,LimyGrotto
Forms,Place
Paths,Field
DicFormsPaths,HitPlaceField
_DicFormsPaths,_HitPlaceField
DicALLUIForms,HitALLUIPlace
_DicALLUIForms,_HitALLUIPlace
Sta,Rub
StaCurrentUIForms,RubVoyagerUIPlace
_StaCurrentUIForms,_RubVoyagerUIPlace
DicCurrentShowUIForms,HitVoyagerBindUIPlace
_DicCurrentShowUIForms,_HitVoyagerBindUIPlace
WaitUIForms,MimeUIPlace
_WaitUIForms,_MimeUIPlace
Transfrom,Locomotor
TraCanvasTransfrom,GarGrottoLocomotor
_TraCanvasTransfrom,_GarGrottoLocomotor
TraNormal,GarRecess
_TraNormal,_GarRecess
Fixed,Twice
TraFixed,GarTwice
_TraFixed,_GarTwice
Pop,Eke
TraPopUp,GarEkeOf
_TraPopUp,_GarEkeOf
_Top,_Cup
TraUIScripts,GarUIFlatter
_TraUIScripts,_GarUIFlatter
TraUICamera,GarUIDecade
_TraUICamera,_GarUIDecade
PanelName,SwearStew
PanelNameList,SwearStewTrip
uiFormName,MeModeStew
Params,Warmth
uiFormParams,MeModeWarmth
Clear,Heavy
Reverse,Enlarge
IsClearReverseChange,UpHeavyEnlargeUranus
CountdownText,FoodstuffMoss
openPanelList,UrgeSwearTrip
cb,Or
ItemPrefab,AfarQuiver
ParentContainer,QuasarAttention
position,Relation
start_position,Ahead_Relation
end,Tan
end_position,Tan_Relation
Serial,Virgin
SerialNum,VirginLad
Point,Perry
StartPoint,BadgePoint
EndPoint,RidPerry
itemValue,SealDodge
EndPosition,RidCitation
CollectItemUI,DynamicAfarUI
collect,Gaseous
Sequence,Instinct
collectSequence,GaseousInstinct
collectEffect,GaseousGuinea
call,Topi
callBackNum,TopiSortLad
received,Pinpoint
Callback,Variance
receivedCallbackNum,PinpointVarianceLad
collectComponentDict,GaseousPrimitiveMate
spacing,Faction
Safe,Welt
LastSafeArea,BulkWeltPeck
ProgressImage,ManeuverFifth
ProgressText,ManeuverMoss
Tab,Zoo
TabName,ZooStew
tab,Bee
tabButton,BeeGibbon
ActiveIcon,RefutePart
Inactive,Inventor
InactiveIcon,InventorPart
items,Peace
Animation,Steamship
Obj,Bur
ActiveAnimationObj,RefuteSteamshipBur
ActiveBG,RefuteBG
InactiveBG,InventorBG
ActiveColor,RefuteEager
InactiveColor,InventorEager
ActiveTab,RefuteZoo
activeTabName,CavernZooStew
Panels,Differ
tabPanels,BeeDiffer
openCallback,UrgeVariance
mask,Wait
mypageview,Harmonious
rect,Cash
pos,Ail
posList,AilTrip
isDrag,ByWaxy
stop,Role
stopMove,RoleSlum
Horizontal,Successive
targetHorizontal,PotatoSuccessive
startDragHorizontal,AheadWaxySuccessive
smooting,Catalyze
sensitivity,Counterpart
On,Dy
Page,Tale
OnPageChange,DyTaleUranus
currentPageIndex,MortiseTaleDodge
Cell,Seek
itemCell,SealSeek
scroll,Autumn
Rect,Soul
scrollRect,AutumnSoul
content,Thrifty
totalWidth,MarchAgree
totalHeight,MarchMilieu
visible,Replace
visibleCount,ReplaceWaist
Clac,From
isClac,ByFrom
startIndex,AheadDodge
lastIndex,FeedDodge
itemHeight,SealMilieu
itemList,SealTrip
visibleList,ReplaceTrip
all,Hot
allList,allTrip
AutoCollectSwitch,TautDynamicFactor
Volmue,Marine
EffectVolmue,GuineaMarine
Frames,Impart
Ignore,Spurge
IgnoreTimeScale,SpurgeMoldFifth
Loop,Bias
currentCount,MortiseWaist
_currentCount,_MortiseWaist
currentRevenue,MortiseMachine
_currentRevenue,_MortiseMachine
lastPlayTimeCounter,FeedHaulMoldShudder
counter,Hominid
counter101,Hominid101
counter102,Hominid102
counter103,Hominid103
pause,Vague
pauseTimeInterstitial,VagueMoldExpansionist
Package,Trigger
PackageName,TriggerStew
AdjustTracker,ShroudDistend
Ready,Tally
AdjustTracker_Ready,ShroudDistend_Tally
Request,Portend
RequestId,PortendAt
Headers,Physics
OnSuccess,DyDepress
OnFail,DyGobi
Retry,Brand
RetryCount,BrandWaist
Timeout,Expanse
Running,Monarch
IsRunning,UpMonarch
Web,Ion
WebRequest,IonPortend
Raw,Our
RawData,OurLine
GetNetWorkGetListCount,FarToeKeelFarTripWaist
GetNetWorkPostListCount,FarToeKeelWhimTripWaist
CurrentIndex,VoyagerDodge
StartTime,BadgeMold
EndTime,RidMold
AttendTimes,LordlyBrook
maxLevel,WeeDodge
gold,Pool
diamond,Shatter
unlimit,Outcrop
unlimit_health,Outcrop_Carpet
consecutive,Anthocyanin
wins,Limb
consecutive_wins,Anthocyanin_Limb
remove,Mildly
remove_ad,remove_It
gb,On
skin_gb_1,Dash_gb_1
goldleaf,Gravitas
recharge,Paralyze
interval,Collapse
health_recharge_interval,Carpet_Paralyze_Collapse
cost,Seem
health_cost,Carpet_Seem
lv,He
strategy,Fountain
Collection,Consultant
last_lv_strategy_Collection,Feed_lv_Fountain_Consultant
Google,Revive
Public,Engage
GooglePublicKey,ReviveEngageCan
Apple,Mound
Cert,Pipe
AppleRootCert,MoundRootPipe
DailyGift,ScoreWhip
Remove,Steady
RemoveAd,SteadyIt
GoldBox,CastTug
Treasure,Clearing
EndlessTreasure,QuitterClearing
Star,Ford
RankStar,LoveFord
ItemNumStr,AfarLadSow
unlocked,Plethora
TabButton,ZooGibbon
DataCount,LineWaist
Line,Cite
LineHeight,CiteMilieu
PopShow,EkeBind
Hide,Send
PopHide,EkeSend
ChangeNumber,UranusFormal
Best,Hour
GoldMoveBest,CastSlumHour
Klondike,Freezing
KlondikeGetGold,FreezingFarCast
Scroll,Quasar
HorizontalScroll,SuccessiveScroll
WinPanelShow,UrnSwearBind
WinStar,UrnFord
AddScore,PegDense
OpenPanel,PlusSwear
Print,Ahead
Merge,Moist
get,Hue
getCameraWidth,HueDecadeAgree
getCameraHeight,HueDecadeMilieu
World,Niche
getWorldPoint,HueNichePerry
Nearest,Artisan
GetNearestGameObject,FarArtisanKickPepper
Angle,Sight
PointToAngle,PerryBeSight
Angle180To360,Sight180Be360
Unity,Serve
Direction,Fluctuate
GetUnityDirection,FarServeDirection
True,Glen
Size,City
getTextureTrueSize,HueRoadwayGlenCity
getSpriteSize,HueReviewCity
Touch,Floor
getTouchPosition,HueFloorCitation
Weight,Revert
getWeightIndex,HueRevertDodge
Random,Saline
GetRandomSequence,FarSalineInstinct
Dictionary,Occupation
StringToDictionary,StenchBeOccupation
DictionaryToString,OccupationBeStench
Diff,Cope
DayDateDiff,TipWardCope
Sec,Age
SecDateDiff,SecWardCope
DateDiff,WardCope
At,Or
GetPosAtText,FarSumAtMoss
By,So
DistanceByArea,EvidenceByPeck
Encrypt,Another
EncryptDES,AnotherDES
Decrypt,Factory
DecryptDES,FactoryDES
Notification,Construction
Permission,Invariably
RequestNotificationPermission,PortendConstructionInvariably
Initialize,Simplistic
Notifications,Preoccupation
InitializeNotifications,SimplisticPreoccupation
ClearNotification,HeavyConstruction
Create,Dugout
CreateNotificationChannel,DugoutConstructionPronoun
Send,Leaf
Immediate,Petroleum
SendImmediateNotification,LeafPetroleumConstruction
Schedule,Allegory
ScheduleNotification,AllegoryConstruction
Process,Hemlock
Vertices,Molecule
ProcessVertices,HemlockMolecule
_ProcessVertices,_HemlockMolecule
Set,Cud
And,Bus
SetNewPosAndUV,CudGunSumBusUV
_SetNewPosAndUV,_CudGunSumBusUV
Min,Bay
_Min,_Bay
_Max,_Gel
DelayIE,AwardIE
Stop,Floe
StopDelay,FloeAward
ResetDraggingState,BurstDecisionWidow
Under,China
Mouse,Befit
GetTargetCardUnderMouse,FarLondonKeelChinaMouse
ShowSpecial,BindBriefly
Ani,Lug
ShowSpecialAni,BindBrieflyLug
ShowWheelAni,BindFaithLug
AddMoveCount,PegSlumWaist
GetGameTime,FarKickMold
GetSuitSprite,FarLeapReview
Display,Partner
GetCardDisplayName,FarKeelPartnerStew
GetDownAreaFaceDownCardNum,FarPinkPeckHighPinkKeelLad
For,Hut
ForEvent,HutInuit
GetDownAreaFaceDownCardNum_ForEvent,FarPinkPeckHighPinkKeelLad_HutInuit
GetUpAreaReward,FarOfPeckStarve
GetUpDeckReward,FarOfPramStarve
StartNewGame,BadgeGunKick
CreateCard,DugoutKeel
Filp,Back
UpDeck_Filp,OfPram_Back
FlipDeckCardAnimation,BarbPramKeelSteamship
Recycle,Concert
All,Rot
RecycleAllFaceUpCards,ConcertRotHighOfBrass
GetDraggingCards,FarDecisionBrass
Can,The
CanStackOn,TheRobinDy
MoveCardStack,SlumKeelRobin
Empty,Stash
GetEmptyDownAreaIndexUnderMouse,FarStashPinkPeckDodgeChinaBefit
CanMoveToEmptyDownArea,TheSlumBeStashPinkPeck
MoveCardStackToEmptyDownArea,SlumKeelRobinBeStashPinkPeck
GetUpAreaIndexUnderMouse,FarOfPeckDodgeChinaBefit
CanMoveToUpArea,TheSlumBeOfPeck
CanMoveToUpAreaForRevive,TheSlumBeOfPeckHutGraham
MoveCardToUpArea,SlumKeelBeOfPeck
After,Tulip
CheckFlipAfterMove,CigarBarbTulipSlum
FlipCardAnimation,BarbKeelSteamship
TriggerSpecialGame,DepositBrieflyKick
GetCardObj,FarKeelBur
Find,Seal
FindCardSource,FindKeelIodine
CheckGameEnd,CigarKickRid
CheckWin,CigarUrn
Stuck,Great
IsGameStuck,UpKickGreat
AutoCollect,TautDynamic
Win_AutoCollect,Urn_TautDynamic
AutoMoveCard,TautSlumKeel
AutoMoveCardStack,TautSlumKeelRobin
CheckTipStepA,CigarMayBoatA
CheckTipStepB,CigarMayBoatB
CheckTipStepC,CigarMayBoatC
CheckTipStepD,CigarMayBoatD
Coroutine,Viability
AutoCollectCardsCoroutine,TautDynamicBrassViability
Internal,Disagree
MoveCardToUpAreaInternal,SlumKeelBeOfPeckDisagree
SaveStateForUndo,ShedWidowHutNote
Deep,Host
Copy,Fade
DeepCopyCardDataList,HostFadeKeelLineTrip
DeepCopyCardDataListList,HostFadeKeelLineTripTrip
PlayUndoAnimation,HaulNoteSteamship
FindParentByName,SealQuasarSoStew
UndoFlipCardAnim,NoteBarbKeelTire
RefreshAllCards,BalconyRotBrass
DelayHideMaskAfterAnim,AwardSendVerbTulipTire
CanUndo,TheNote
SaveGame,ShedKick
Load,Rock
LoadGame,RockKick
With,Deny
LoadGameWithAnimation,RockKickDenySteamship
Rebuild,Control
RebuildAreaFromCardUIStates,ControlPeckDukeKeelUIJobber
Try,Hue
TrySmartFlipCard,TryCedarBarbKeel
Swap,Very
Unflipped,Riverbank
SwapUnflippedCard,VeryRiverbankKeel
Any,Era
CanStackOnAnyDownArea,TheRobinDyEraPinkPeck
CanStackOnAnyUpArea,TheRobinDyEraOfPeck
CheckUpAreaRewardedAndCheckSlot,CigarOfPeckComputerBusCigarDish
ReStart,HeBadge
ClearGame,HeavyKick
ReviveCoroutine,GrahamViability
StartNewGame_Guide,BadgeGunKick_Infer
Red,Cod
IsRed,UpCod
Same,Aide
IsSameCard,UpAideKeel
InitGameData,DeafKickLine
Handle,Crayon
Json,Amid
HandleJsonData,CrayonAmidLine
GetGold,FarCast
AddGold,PegCast
GetCash,FarNote
AddCash,PegNote
GetAmazon,FarEntity
AddAmazon,PegEntity
GetScore,FarDense
SetScore,CudDense
GetProp,FarGenu
GetProp_Tip,FarGenu_May
AddProp,PegGenu
AddProp_Tip,PegGenu_May
GetProp_Undo,FarGenu_Note
AddProp_Undo,PegGenu_Note
GetRewardDataByWeight,FarStarveLineSoRevert
Range,Delay
GetRewardDataByWeightAndRange,FarStarveLineSoRevertBusDelay
GetIndexByWeight,FarDodgeSoRevert
GetSpecialGameTypeByWeight,FarBrieflyKickJokeSoRevert
gameInit,AbutDeaf
InitRewardAni,DeafStarveLug
ShowFlyBubble,BindSacAvenue
ShowCardTip,BindKeelMay
Logic,Horse
TipLogic,MayHorse
ShowTipAnimation,BindMaySteamship
HideCardTip,SendKeelMay
Tips,Vole
HideAllTips,SendRotVole
ShowTipMessage,BindMayAfrican
HideTipMessage,SendMayAfrican
UpdateProp,SolderGenu
Use,Bog
UseProp,BogGenu
UseProp_Tip,BogGenu_May
UseProp_Undo,BogGenu_Note
ShowMask,BindVerb
HideMask,SendVerb
ClearScore,HeavyDense
UpdateGold,SolderCast
UpdateCash,SolderNote
UpdateMoveCount,SolderSlumWaist
UpdateGameTime,SolderKickMold
PlayHSlot,HaulHDish
PlayLittleSlot,HaulHiccupDish
ShowUpAreaRewardEffect,BindOfPeckStarveGuinea
ShowUpDeckRewardEffect,BindOfPramStarveGuinea
SetLuckyWheelFill,CudAwaitFaithGene
MagicWandEffect,CarveNeonGuinea
ShowHand,BindHope
HandAnim,HopeTire
ShowInfo,BindBold
InfoMove,BoldSlum
ShowNextBtn,BindOpenGem
isNewUser,ByGunPork
getSlotMultiIndex,HueDishMedalDodge
play,Lion
playSlot,LionDish
spin,Need
pointer,Stinger
pointerAnimation,StingerSteamship
LuckyWheelShowAni,AwaitFaithBindLug
light,Messy
lightStart,MessyBadge
closePanel,StuffSwear
Init_Prop,Deaf_Genu
GetRewardAndSendEventAndClose,FarStarveBusLeafInuitBusFirst
GetEventIndex,FarInuitDodge
SetItemUI,CudAfarUI
Creat,Aptly
CreatItemNumbers,AptlyAfarVestige
Erase,Seize
ErasePoint,SeizePerry
RefreshErasePercent,BalconySeizeEmotive
ScratchShowAnimation,ThriftyBindSteamship
init,Rate
initMulti,RateMedal
slot,None
InitAudioSourceQueue,DeafFlukeIodineClump
Audo,Jean
AddAudioSourceForAudoMgr,PegFlukeIodineHutJeanLeg
GetAudioComponent,FarFlukePrimitive
UnUseAudioComponent,IfBogFlukePrimitive
set,Nss
Bgm,Cut
One,Joy
setBgmCloseOneTime,NssCutFirstJoyMold
Replace,Anatomy
setBgmReplaceOneTime,NssCutAnatomyJoyMold
CheckUnUseAudioComponent,CigarIfBogFlukePrimitive
SetAllEffectVolume,CudRotGuineaInborn
PlayBgBase,HaulHeSnow
PlayEffectBase,HaulGuineaSnow
PlayBg,HaulHe
PlayEffect,HaulGuinea
getVolume,HueInborn
PlayVibrate,HaulBalance
SetBool,CudGray
GetBool,FarGray
SetString,CudStench
GetString,FarStench
SetFloat,CudReach
GetFloat,FarReach
SetInt,CudWit
GetInt,FarWit
Array,Quick
SetIntArray,CudWitQuick
GetIntArray,FarWitQuick
SetFloatArray,CudReachQuick
GetFloatArray,FarReachQuick
SetStringArray,CudStenchQuick
GetStringArray,FarStenchQuick
Vector,Scrape
SetVector,CudScrape
SetVector2,CudScrape2
GetVector,FarScrape
GetVector2,FarScrape2
SetVector3,CudScrape3
GetVector3,FarScrape3
Quaternion,Prominence
SetQuaternion,CudProminence
GetQuaternion,FarProminence
SetDouble,CudEmbryo
GetDouble,FarEmbryo
Do,ID
DoUpdate,DoSolder
Anchor,Fasten
SetAnchor,CudFasten
Pivot,Halve
SetPivot,CudHalve
layout,Abroad
layoutAction,AbroadGossip
AdjustInit,ShroudDeaf
SaveAdjustAdid,ShedShroudYawn
GetAdjustAdid,FarShroudYawn
Status,Indoor
GetAdjustStatus,FarShroudIndoor
InitAdjustData,DeafShroudLine
AddActCount,PegIceWaist
AddAdCount,PegItWaist
LoadAdjustOnAct,RockShroudDyIce
ResetActCount,BurstIceWaist
GetAdjustTime,FarShroudMold
setAdjustAdid,NssShroudYawn
Ads,Eat
InitializeRewardedAds,SimplisticComputerEat
LoadRewardedAd,RockComputerIt
LoadInterstitial,RockExpansionist
Video,Alder
playRewardVideo,LionStarveAlder
playInterstitialAd,LionExpansionistIt
playInterstitial,LionExpansionist
Repeat,Belief
Method,Saving
RepeatMethod,BeliefSaving
NoThanksAddCount,IfCoronaPegWaist
PauseTimeInterstitial,CaputMoldExpansionist
ResumeTimeInterstitial,ReputeMoldExpansionist
UpdateTrialNum,SolderRallyLad
Register,Iroquois
RegisterPlayCallback,IroquoisHaulVariance
AfterAdPlaySuccess,TulipItHaulDepress
GetTotalAdNum,FarEndowItLad
Pin,Bat
Market,Wholly
OpenAPPinMarket,PlusAPBatWholly
Country,Defense
getCountry,HueDefense
GetConfigData,FarAdjoinLine
Loaction,Baseball
GetLoactionData,FarBaseballLine
SetConfigData,CudAdjoinLine
GameReady,KickTally
NetWorkTimeOut,ToeKeelMoldRed
SendAdjustAdid,LeafShroudYawn
CheckAdjustNetwork,CigarShroudAnymore
GetUserInfo,FarPorkBold
ReGetUserInfo,HeFarPorkBold
autoMessage,SeepAfrican
Para,Sure
SendNoParaEvent,LeafIfSureInuit
send,Rift
sendGameProgress,RiftKickManeuver
SendEvent,LeafInuit
SendPost,LeafWhim
endRequest,TanPortend
Http,Tine
HttpGet,TineFar
HttpPost,TineWhim
HttpPostJson,TineWhimAmid
ProcessRequest,HemlockPortend
CreateWebRequest,DugoutIonPortend
Cleanup,Manager
CleanupRequest,ManagerPortend
Cancel,Genius
CancelRequest,GeniusPortend
Requests,Broadway
CancelAllRequests,GeniusRotBroadway
SetTargetImage,CudLondonFifth
ShowGuide,BindInfer
WorldToCanvasPos,NicheBeGrottoSum
HandAnimation,HopeSteamship
RecycleAll,ConcertRot
Destroy,Texture
CreateObjectPool,DugoutPepperKind
GetGameObject,FarKickPepper
RecycleGameObject,ConcertKickPepper
Query,Ahead
QueryPool,QueryKind
GetInstance,FarBefriend
autoCloseToast,SeepFirstGroom
ShowToast,BindGroom
setContentLayout,NssTotallyPotato
IsApple,UpMound
Online,Lagoon
CheckOnlineData,CigarLagoonLine
GetDistance,FarEvidence
Editor,Schist
IsEditor,UpSchist
Portrait,Civility
IsPortrait,UpCivility
LocalPoint,FramePerry
Screen,Plight
ScreenPoint,PlightPerry
LocalPoint2ScreenPoint,FramePerry2PlightPerry
ScreenPoint2LocalPoint,PlightPerry2FramePerry
Of,On
GetWorldPositionOfRectTransform,FarNicheCitationOfSoulSkeptical
GetTimestamp,FarCollision
Format,Exceed
DateTimeFormat,WardMoldExceed
Seconds,Carving
SecondsToDateTime,CarvingBeWardMold
SecondsFormat,CarvingExceed
SecondsFormat2,CarvingExceed2
DoubleToStr,EmbryoBeSow
GetWeightRandom,FarRevertSaline
GetWeightRandomIndex,FarRevertSalineDodge
In,It
Chance,Morris
InChance,InMorris
Shuffle,Garbage
ShuffleArray,GarbageQuick
Render,Pearly
InitEndTime,DeafRidMold
RefreshClock,BalconyDiver
ClaimRewards,WrongBritain
RenderItem,PearlyAfar
Unlock,Lordly
UnlockItem,UnlockAfar
ClaimReward,WrongStarve
InitList,DeafTrip
RefreshList,BalconyTrip
MoveAnimation,SlumSteamship
Cb,It
CollectAnimationCb,DynamicSteamshipCb
InitProgress,DeafManeuver
RenderData,PearlyLine
StartCountdown,BadgeFoodstuff
ShowCollectAnimation,BindDynamicSteamship
InitItem,DeafAfar
AddAnimation,PegSteamship
InitRewards,DeafBritain
HideRewardCanvas,SendStarveGrotto
InitRankList,DeafLoveTrip
RankMoveAnimation,LoveSlumSteamship
UpdateActivityState,SolderColonizeWidow
RenderList,PearlyTrip
ShowCounterText,BindShudderMoss
ShowPauseTimeInterstitial,BindCaputMoldExpansionist
GetMessage,FarAfrican
Sub,Sew
CreateSubActivity,DugoutSewColonize
Serialize,Represent
GetSerializeData,FarRepresentLine
GetActivityById,FarColonizeSoAt
Activities,Newsworthy
GetActivities,FarNewsworthy
SetSetting,CudGradual
GetCurrentIndex,FarVoyagerDodge
GetAllSetting,FarRotGradual
GetRewardByIndex,FarStarveSoDodge
SetData,CudLine
GetData,FarLine
IsEffect,UpGuinea
GetRewards,FarBritain
GetBoxDataById,FarTugLineSoAt
GetSettingById,FarGradualSoAt
Calc,Cash
CalcCurrentHealth,CalcVoyagerWander
GetCurrentHealth,FarVoyagerWander
Unlimited,Momentous
IsUnlimitedState,UpMomentousWidow
UnlimitedCountdown,MomentousFoodstuff
Full,Soft
IsFull,UpSoft
UseHealth,BogWander
AddHealth,PegWander
AddUnlimitedTime,PegMomentousMold
Enough,People
IsHealthEnough,UpWanderPeople
StartLevel,BadgeDodge
Victory,Untwist
LevelVictory,DodgeUntwist
LevelFail,DodgeGobi
InitUserNames,DeafPorkProse
GetRankById,FarLoveSoAt
AddItemValue,PegAfarDodge
AddItemGroup,PegAfarPerry
SetItemValue,CudAfarDodge
GetItemById,FarAfarSoAt
GetItemGroupById,FarAfarPerrySoAt
Ids,Ear
GetItemGroupByIds,FarAfarPerrySoEar
GetShopList,FarSodaTrip
GetShopById,FarSodaSoAt
Distribute,Burdensome
DistributeRewards,BurdensomeBritain
Skins,Slick
GetAllSkinsOfType,FarRotSlickOnJoke
GetSkinsByType,FarSlickSoJoke
UnlockSkin,LordlyMoat
ActiveSkin,RefuteMoat
Exp,Set
UnlockByExp,LordlySoSet
Calculate,Basically
CalculateState,BasicallyWidow
ChangeActivityState,UranusColonizeWidow
Period,Figure
StartNewPeriod,BadgeGunFigure
AttendActivity,LordlyColonize
Settlement,Fertilizer
NeedShow,TeleBind
SetSettingData,CudGradualLine
GetBoxLevelDataByLv,FarTugDodgeLineSoMy
GetBoxLevelDataFromLv,FarTugDodgeLineDukeMy
AddCurrentValue,PegVoyagerDodge
CalculateLv,BasicallyMy
AddValue,PegDodge
SetValue,CudDodge
AddStartTimes,PegBadgeBrook
AddVictoryTimes,PegUntwistBrook
SetRewards,CudBritain
CalculateRank,BasicallyLove
GetRewardByRanking,FarStarveSoLivable
ClearData,HeavyLine
AddNum,PegLad
CanBuy,TheHot
SetActive,CudRefute
SaveData,ShedLine
HandleInterval,CrayonDemolish
GetAppSettingMaxNumber,FarGutGradualGelFormal
Analysis,Radiator
InitAndAnalysisJson,DeafBusRadiatorAmid
Msg,Oat
Listener,Mongolia
AddMsgListener,PegOatMongolia
RemoveMsgListener,SteadyOatMongolia
ClearAllMsgListener,HeavyRotOatMongolia
SendMessage,LeafAfrican
Asset,Ensue
LoadAsset,RockEnsue
SetMaskWindow,CudVerbFluffy
HideMaskWindow,SendVerbFluffy
CancelMaskWindow,GeniusVerbFluffy
The,Sow
Child,Dream
FindTheChildNode,SealTheDreamWhig
GetTheChildNodeComponentScripts,FarSowDreamWhigPrimitiveFlatter
AddChildNodeComponent,PegDreamWhigPrimitive
AddChildNodeToParentNode,PegDreamWhigBeQuasarWhig
ShowText,BindMoss
InitLauguageCache,DeafAnalysisDraft
FindChildAddComponent,SealDreamPegPrimitive
Freeze,Radius
Rigister,Sentence
RigisterButtonObjectEvent,SentenceGibbonPepperInuit
OpenUIForm,PlusUIMode
CloseUIForm,FirstUIMode
Receive,Neutron
ReceiveMessage,NeutronAfrican
AddPanel,PegSwear
SubPanel,SewSwear
Loading,Currier
InitRootCanvasLoading,DeafRootGrottoCurrier
ShowUIForms,BindUIPlace
Or,To
Return,Tavern
CloseOrReturnUIForms,FirstOrTavernUIPlace
ShowNextPopUp,BindOpenEkeOf
ClearWaitUIForms,HeavyMimeUIPlace
Catch,Salty
LoadFormsToALLUIFormsCatch,RockPlaceBeALLUIPlaceSalty
LoadUIForm,RockUIMode
EnterUIFormsCache,CraftUIPlaceDraft
ExitUIFormsCache,FishUIPlaceDraft
Formst,Assign
Other,Rayon
EnterUIFormstToCacheHideOther,CraftUIAssignBeDraftSendRayon
EnterUIFormsCacheWaitClose,CraftUIPlaceDraftMimeFirst
ExitUIFormsFromCacheAndShowOther,FishUIPlaceDukeDraftBusBindRayon
Push,Cute
PushUIForms,CuteUIPlace
PopUIForms,EkeUIPlace
InitUIFormsPathsData,DeafUIPlaceFieldLine
InitCamera,DeafDecade
ClearStackArray,HeavyRobinQuick
GetCurrentFormStack,FarVoyagerModeRobin
GetPanelByName,FarSwearSoStew
Opening,Prodigy
GetOpeningPanels,FarProdigyDiffer
ChangeShowState,UranusBindWidow
OpenNext,PlusOpen
PlayCollectAnimation,HaulDynamicSteamship
Clean,Array
CleanParent,ArrayQuasar
StartAnimation,BadgeSteamship
CreateItemObj,DugoutAfarBur
GetCollectionData,FarConsultantLine
RegisterCollectionComponent,IroquoisConsultantPrimitive
Insert,Attain
InsertSequence,AttainInstinct
OpenCollectEffectPanel,PlusDynamicGuineaSwear
RefreshLayout,BalconyPotato
Apply,Trail
ApplySafeArea,TrailWeltPeck
RefreshProgress,BalconyManeuver
OpenTab,PlusZoo
ActiveBgAnimation,RefuteHeSteamship
RegisterCallback,IroquoisVariance
SetActiveUI,CudRefuteUI
pagechange,Woodpecker
SetPageIndex,CudTaleDodge
UpdateItem,SolderAfar
PopItem,EkeAfar
PushItem,CuteAfar
AddItem,PegAfar
Controller,Revolution
AnimationController,SteamshipRevolution
CustomPrint,PotionAhead
Dictionaries,Unacceptable
MergeDictionaries,MoistUnacceptable
System,Farmer
GetSystemData,FarFarmerLine
Outline,Mistake
MultiOutline,MedalMistake
NotificationManager,ConstructionRancher
TextOutline,MossMistake
TimeManager,MoldRancher
Klondike_Manager,Freezing_Rancher
CardData,KeelLine
KlondikeGameState,FreezingKickWidow
CardUIState,KeelUIWidow
GameDataManager,KickLineRancher
MainManager,LimyRancher
FlyBubbleRewardPanel,SacAvenueStarveSwear
GamePanel,KickSwear
GuidePanel,InferSwear
Complete,Skeletal
LevelCompletePanel,DodgeSkeletalSwear
LoadingPanel,CurrierSwear
LuckyWheelPanel,AwaitFaithSwear
Us,Be
RateUsPanel,MaskUsSwear
RewardPanel,StarveSwear
ScratchPanel,ThriftySwear
ScratchCardItemData,ThriftyKeelAfarLine
SettingPanel,GradualSwear
Model,Lvory
AudioModel,FlukeLvory
AudioSourceQueue,FlukeIodineClump
MusicMgr,LeafyLeg
Resources,Expansion
MusicResourcesMgr,LeafyExpansionLeg
MusicType,LeafyJoke
Common,Unfold
CommonConfig,UnfoldAdjoin
SaveDataManager,ShedLineRancher
Animator,Tropical
FrameAnimator,ScrewTropical
Archor,Letter
Tool,Taut
ArchorTool,LetterTool
AutoLayout,TautPotato
AdjustInitManager,ShroudDeafRancher
ADManager,ADRancher
CustomData,PotionLine
Ad_CustomData,It_PotionLine
RateUsManager,MaskBeRancher
MessageCenterLogic,AfricanExtendHorse
MessageData,AfricanLine
CConfig,CAdjoin
NetInfoMgr,ToeBoldLeg
Script,Remove
PostEventScript,WhimInuitRemove
NetWorkGetObject,ToeKeelFarPepper
NetWorkManager,ToeKeelRancher
Task,Wood
RequestTask,PortendWood
NetWorkPostObject,ToeKeelWhimPepper
Guidance,Populate
GuidanceEventPenetrate,PopulateInuitOperation
NewUserGuidePanel,GunPorkInferSwear
RectGuideMask,SoulInferVerb
ObjectPool,PepperKind
ObjectPoolManager,PepperKindRancher
Mono,Tilt
Singleton,Digestion
MonoSingleton,TiltDigestion
ToastManager,GroomRancher
View,Oval
ScrollViewContentLayout,QuasarOvalTotallyPotato
Util,Gate
CommonUtil,UnfoldGate
DateUtil,WardGate
NumberUtil,FormalGate
RandomUtil,SalineGate
StringUtil,StenchGate
RewardItemUI,StarveAfarUI
TimeUI,MoldUI
DailyGiftPanel,ScoreWhipSwear
GiftItemUI,WhipAfarUI
EndlessItemUI,QuitterAfarUI
EndlessTreasurePanel,QuitterClearingSwear
GoldBoxCollectItemUI,CastTugDynamicAfarUI
HealthUI,WanderUI
Home,Wool
HomePanel,WoolSwear
ItemBarUI,AfarManUI
Simple,Impend
SimpleCollectItemUI,ImpendDynamicAfarUI
RankItemUI,LoveAfarUI
RankStarPanel,LoveFordSwear
RemoveAdPanel,SteadyItSwear
ShopItemUI,SodaAfarUI
ShopPanel,SodaSwear
ShopRewardItemUI,SodaStarveAfarUI
SkinPanel,MoatSwear
AdjustTestPanel,ShroudLifeSwear
AdManagerTestPanel,ItRancherLifeSwear
Error,Sense
ErrorCodeMessage,SenseReadAfrican
Ctrl,Peak
ActivityCtrl,ColonizePeak
ActivityDailyGiftCtrl,ColonizeScoreWhipPeak
ActivityEndlessTreasureCtrl,ColonizeQuitterClearingPeak
ActivityRemoveAdCtrl,ColonizeSteadyItPeak
ExpBoxCtrl,SetTugPeak
GameSettingCtrl,KickGradualPeak
HealthCtrl,WanderPeak
ItemGroupCtrl,AfarPerryPeak
LevelCtrl,DodgePeak
RankCtrl,LovePeak
ResourceCtrl,OverheadPeak
ShopCtrl,SodaPeak
SkinCtrl,MoatPeak
ActivityData,ColonizeLine
ExpBox,SetTug
ExpBoxData,SetTugLine
GameSettingDB,KickGradualDB
ItemDB,AfarDB
ItemGroupDB,AfarPerryDB
ShopDB,SodaDB
ExpBoxDB,SetTugDB
SkinDB,MoatDB
ActivityDB,ColonizeDB
ActivityDailyGiftDB,ColonizeScoreWhipDB
ActivityEndlessTreasureDB,ColonizeQuitterClearingDB
RankDB,LoveDB
RankRewardDB,LoveStarveDB
ResourceDB,OverheadDB
SettingDB,GradualDB
ActivityCtrlDB,ColonizePeakDB
ItemData,AfarLine
ItemGroup,AfarPerry
LevelData,DodgeLine
RankData,LoveLine
RankUser,LovePork
ShopData,SodaLine
SkinData,MoatLine
DataManager,LineRancher
ConfigManagerByJson,AdjoinRancherSoAmid
KeyValuesInfo,CanClosetBold
KeyValuesNode,CanClosetWhig
Sys,Tin
Define,Mammal
SysDefine,TinMammal
EventTriggerListener,InuitDepositMongolia
MessageCenter,AfricanExtend
KeyValuesUpdate,CanClosetSolder
Anlysis,Pretend
Exception,Weightily
JsonAnlysisException,AmidAnlysisWeightily
ResourcesMgr,ExpansionLeg
UIMaskMgr,UIVerbLeg
Helper,Simply
UnityHelper,ServeSimply
LauguageMgr,AnalysisLeg
BaseUIForms,SnowUIPlace
UIManager,UIRancher
UIFormParams,UIModeWarmth
UIType,UIJoke
BaseActivityPrefab,SnowColonizeQuiver
ActivityAutoOpenManager,ColonizeTautPlusRancher
CollectEffect,DynamicGuinea
CollectItemData,DynamicAfarLine
CollectEndTransform,DynamicRidSkeptical
CollectManager,DynamicRancher
Vertical,Ductless
AutoLayoutVertical,TautPotatoDuctless
Adapter,Neonate
SafeAreaAdapter,WeltPeckNeonate
ProgressUI,ManeuverUI
TabItem,ZooAfar
TabController,ZooRevolution
TabItemController,ZooAfarRevolution
Control,Fortune
MaskControl,VerbFortune
PageView,TaleOval
ScrollView,QuasarOval
ScrollViewItem,QuasarOvalAfar
Tile,Gold
Fish,Vast
TileFishIcon,GoldVastPart
btn,Fan
btn_01,Fan_01
btn_02,Fan_02
Coins,Fault
huodongjiemian,Countercurrent
huodongjiemian_04,Countercurrent_04
huodongjiemian_04_1,Countercurrent_04_1
huodongjiemian_04_2,Countercurrent_04_2
huodongjiemian_04_3,Countercurrent_04_3
line,Urge
line_btn,Urge_Fan
Lvbis,Urban
bg_02,On_02
board,Depot
bg_board,On_Depot
bottom,Handle
bg_bottom,On_Handle
huodongjiemian_01,Countercurrent_01
huodongjiemian_10,Countercurrent_10
huodongjiemian_11,Countercurrent_11
huodongjiemian_12,Countercurrent_12
huodongjiemian_12_1,Countercurrent_12_1
huodongjiemian_12_3,Countercurrent_12_3
huodongjiemian_12_4,Countercurrent_12_4
huodongjiemian_13,Countercurrent_13
UI,UI
UI_DailyGift,UI_ScoreWhip
bg_01,On_01
clock,Count
clock_01,Count_01
clock_02,Count_02
huodongdakuang,Disappointment
huodongdakuang1,Disappointment1
huodongdakuang2,Disappointment2
huodongdakuang3,Disappointment3
huodongjiemian_15,Countercurrent_15
lock,Move
UI_Endless_Icon,UI_Quitter_Part
circle,Bubbly
Circle,Option
Circle01,Option01
Circle02,Option02
Circle03,Option03
Circle04,Option04
boke,Tire
circle_boke01,Bubbly_Tire01
soft,Hoof
circle_soft02,Bubbly_Hoof02
cloud,Trait
cloud02,Trait02
x,x
cloud_2x2_soft,Trait_2x2_Hoof
Effects,Achieve
Effects_Circle,Achieve_Option
Glow,Moth
Effects_Glow,Achieve_Moth
GlowCircle,MothOption
Effects_GlowCircle,Achieve_MothOption
flare,Epoch
flare01 1,Epoch01 1
flare01,Epoch01
flare03,Epoch03
glow,Shun
glow1,Shun1
leaf,Obey
leaf_3x3,Obey_3x3
Light,Strap
Light01,Strap01
Ray,Tar
Ray01,Tar01
ring,Slay
ring02,Slay02
spikes,Output
spikes03,Output03
star01 1,Germ01 1
Star01,Ford01
Star02,Ford02
triangle,Sunlight
triangle_curve,Sunlight_Tepee
t,t
trail,Glial
t_trail01,t_Glial01
FxGoldIcon,MeCastPart
UI_FxGoldIcon,UI_MeCastPart
home,Emit
home_btn_05,Emit_Fan_05
robox,Coast
AmazonIcon,EntityPart
UI_AmazonIcon,UI_EntityPart
Blue,Rain
BtnBlue,GemRain
UI_BtnBlue,UI_GemRain
Green,Dimly
BtnGreen,GemDimly
UI_BtnGreen,UI_GemDimly
CashOutBG,NoteRedBG
UI_CashOutBG,UI_NoteRedBG
Con,Nss
HomeCashICon,WoolNoteINss
UI_HomeCashICon,UI_WoolNoteINss
HomeGoldIcon,WoolCastPart
UI_HomeGoldIcon,UI_WoolCastPart
UI_Progress,UI_Maneuver
ProgressBG,ManeuverBG
UI_ProgressBG,UI_ManeuverBG
TopBarBG,CupManBG
UI_TopBarBG,UI_CupManBG
PopBG,EkeBG
UI_PopBG,UI_EkeBG
UI_PopBG_1,UI_EkeBG_1
loading,Brother
loadingBG,BrotherBG
UI_loadingBG,UI_BrotherBG
LoadingIcon,CurrierPart
UI_LoadingIcon,UI_CurrierPart
LoadingProgress,CurrierManeuver
UI_LoadingProgress,UI_CurrierManeuver
LoadingProgressBG,CurrierManeuverBG
UI_LoadingProgressBG,UI_CurrierManeuverBG
UI_Hand,UI_Hope
UI_Hand_Ani_1,UI_Hope_Lug_1
UI_Hand_Ani_2,UI_Hope_Lug_2
UI_Hand_Ani_3,UI_Hope_Lug_3
UI_Hand_Ani_4,UI_Hope_Lug_4
UI_Hand_Ani_5,UI_Hope_Lug_5
UI_Hand_Ani_6,UI_Hope_Lug_6
UI_Hand_Ani_7,UI_Hope_Lug_7
UI_Hand_Ani_8,UI_Hope_Lug_8
UI_Hand_Ani_9,UI_Hope_Lug_9
NewPlayTextBG,GunHaulMossBG
UI_NewPlayTextBG,UI_GunHaulMossBG
PauseButton,CaputGibbon
UI_PauseButton,UI_CaputGibbon
PopButton,EkeGibbon
UI_PopButton,UI_EkeGibbon
UI_PopButton_1,UI_EkeGibbon_1
PopClose,EkeFirst
UI_PopClose,UI_EkeFirst
0,0
2-1,2-1
2-2,2-2
bg_title_01,On_Price_01
huodongjiemian_16,Countercurrent_16
icon_item_22,Gram_Seal_22
kuang,Marsh
kuang1,Marsh1
Ranking1,Livable1
Ranking2,Livable2
Ranking3,Livable3
Reward1,Starve1
Reward2,Starve2
Reward3,Starve3
Reward4,Starve4
shop_bg1,Pont_On1
shop_bg2,Pont_On2
tab_bg,Bee_On
tab_bg_active,Bee_On_Cavern
text1,Cane1
tongxingzheng,Realistically
tongxingzheng_01,Realistically_01
LevelPopStar,DodgeEkeFord
UI_LevelPopStar,UI_DodgeEkeFord
LevelPopStarBG,DodgeEkeFordBG
UI_LevelPopStarBG,UI_DodgeEkeFordBG
RateBG,MaskBG
UI_RateBG,UI_MaskBG
RateBtn,MaskGem
UI_RateBtn,UI_MaskGem
bg_02_4,On_02_4
bg_bottom_3,On_Handle_3
huodongjiemian_01_2,Countercurrent_01_2
ui_btn_15_03,Me_Fan_15_03
UI_RemoveAd,UI_SteadyIt
Ban,Use
BanMusicIcon,UseLeafyPart
UI_BanMusicIcon,UI_UseLeafyPart
BanSoundIcon,UseAgentPart
UI_BanSoundIcon,UI_UseAgentPart
MusicIcon,LeafyPart
UI_MusicIcon,UI_LeafyPart
PauseBar,CaputMan
UI_PauseBar,UI_CaputMan
SoundIcon,AgentPart
UI_SoundIcon,UI_AgentPart
pack,Fame
bg_pack1,On_Fame1
bg_title_02,On_Price_02
icon_bg_01,Gram_On_01
icon_bg_02,Gram_On_02
light_pack1,Messy_Fame1
shop_bg_02,Pont_On_02
,
,
LevelPopCardBG,DodgeEkeKeelBG
UI_LevelPopCardBG,UI_DodgeEkeKeelBG
LevelPop,DodgeEke
UI_LevelPop_SlotBG,UI_DodgeEke_DishBG
SlotCard,DishKeel
UI_LevelPop_SlotCard,UI_DodgeEke_DishKeel
SlotPop,DishEke
UI_LevelPop_SlotPop,UI_DodgeEke_DishEke
UI_SlotBG,UI_DishBG
icon_btn_14_03,Gram_Fan_14_03
icon_btn_14_05,Gram_Fan_14_05
ui_btn_01_02,Me_Fan_01_02
Award,Rebel
AD,AD
Bubble_Award_AD,Avenue_Rebel_AD
base,Shin
Bubble_Award_base,Avenue_Rebel_Shin
blue,Wind
Bubble_Award_blue,Avenue_Rebel_Wind
Bubble_Award_blue_button,Avenue_Rebel_Wind_Notice
Bubble_Award_diamond,Avenue_Rebel_Shatter
floor,Brood
Bubble_Award_floor,Avenue_Rebel_Brood
green,Stiff
Bubble_Award_green,Avenue_Rebel_Stiff
Bubble_Award_green_button,Avenue_Rebel_Stiff_Notice
Bubble_Award_icon,Avenue_Rebel_Gram
orang,Syrup
Bubble_Award_orang,Avenue_Rebel_Syrup
purple,Vanish
Bubble_Award_purple,Avenue_Rebel_Vanish
red,Tin
Bubble_Award_red,Avenue_Rebel_Tin
Selected,Adoption
Bubble_Award_Selected,Avenue_Rebel_Adoption
Bubble_Award_star,Avenue_Rebel_Germ
Bubble_Award_title,Avenue_Rebel_Price
Currency,Pavement
Awards,Turnip
Currency_Awards_AD,Pavement_Turnip_AD
Currency_Awards_base,Pavement_Turnip_Shin
Currency_Awards_blue,Pavement_Turnip_Wind
Currency_Awards_blue_button,Pavement_Turnip_Wind_Notice
Currency_Awards_diamond,Pavement_Turnip_Shatter
Currency_Awards_floor,Pavement_Turnip_Brood
Currency_Awards_green,Pavement_Turnip_Stiff
Currency_Awards_green_button,Pavement_Turnip_Stiff_Notice
Currency_Awards_icon,Pavement_Turnip_Gram
Currency_Awards_orang,Pavement_Turnip_Syrup
Currency_Awards_Pop,Pavement_Turnip_Eke
Currency_Awards_purple,Pavement_Turnip_Vanish
Currency_Awards_red,Pavement_Turnip_Tin
Currency_Awards_Selected,Pavement_Turnip_Adoption
Currency_Awards_star,Pavement_Turnip_Germ
Currency_Awards_title,Pavement_Turnip_Price
1,1
2,2
3,3
4,4
5,5
Bottom1,Grotto1
Bottom2,Grotto2
Bottom3,Grotto3
Bottom4,Grotto4
Bottom5,Grotto5
Bottom6,Grotto6
bubble,Sodium
bubble 1,Sodium 1
coin,Loan
effect,Midair
effect_1,Midair_1
general,Woodcut
jiaobiao,Negative
king,Ward
pingjiaxing,Informative
pingjiaxing1,Informative1
pingjiaxingdi,Receptiveness
progress1,Bachelor1
top,Cod
progress_top,Bachelor_Cod
prompt,Easter
Prop_base,Genu_Shin
queen,Fifty
settings,Relevant
point,Elite
star_point,Germ_Elite
subscript,Recurrent
subscript_card,Recurrent_Pose
subscript_card_1,Recurrent_Pose_1
subscript_coin,Recurrent_Loan
subscript_coin_1,Recurrent_Loan_1
subscript_diamond,Recurrent_Shatter
subscript_diamond_1,Recurrent_Shatter_1
wheel,Twain
subscript_wheel,Recurrent_Twain
subscript_wheel_1,Recurrent_Twain_1
wheel_bottom,Twain_Handle
withdraw,Elephant
UI_Lose_AD,UI_Soap_AD
UI_Lose_blue_button,UI_Soap_Wind_Notice
UI_Lose_board,UI_Soap_Depot
UI_Lose_box,UI_Soap_Leg
UI_Lose_box1,UI_Soap_Leg1
UI_Lose_floor,UI_Soap_Brood
UI_Lose_floor1,UI_Soap_Brood1
UI_Lose_green_button,UI_Soap_Stiff_Notice
UI_Lose_line,UI_Soap_Urge
wand,Ring
UI_Lose_Magic_wand,UI_Soap_Carve_Ring
UI_Lose_title,UI_Soap_Price
wheat,Reuse
UI_Lose_wheat,UI_Soap_Reuse
UI_Lose_wheat1,UI_Soap_Reuse1
UI_Lose_wheat2,UI_Soap_Reuse2
diban,Shear
quanzhu,Shatter
UI_Scratch_Card_board,UI_Thrifty_Keel_Depot
UI_Scratch_Card_coin,UI_Thrifty_Keel_Loan
di,Ox
UI_Scratch_Card_di,UI_Thrifty_Keel_Ox
UI_Scratch_Card_diamond,UI_Thrifty_Keel_Shatter
UI_Scratch_Card_floor,UI_Thrifty_Keel_Brood
lucky,Court
number,Graham
UI_Scratch_Card_lucky_number,UI_Thrifty_Keel_Court_Graham
persimmon,Authentic
UI_Scratch_Card_persimmon,UI_Thrifty_Keel_Authentic
UI_Scratch_Card_persimmon1,UI_Thrifty_Keel_Authentic1
UI_Scratch_Card_persimmon2,UI_Thrifty_Keel_Authentic2
UI_Scratch_Card_persimmon3,UI_Thrifty_Keel_Authentic3
UI_Scratch_Card_top,UI_Thrifty_Keel_Cod
Winning,Manager
UI_Winning_box,UI_Manager_Leg
UI_Winning_box_top,UI_Manager_Leg_Cod
UI_Winning_wheat2,UI_Manager_Reuse2
Settings,Artistic
Settings_button,Artistic_Notice
Settings_button1,Artistic_Notice1
Floor,Frill
Settings_button_Floor,Artistic_Notice_Frill
Settings_button_Floor1,Artistic_Notice_Frill1
Settings_close,Artistic_Stuff
Settings_floor,Artistic_Brood
music,Level
Settings_music,Artistic_Level
sound,Saint
Settings_sound,Artistic_Saint
vibrate,Orogeny
Settings_vibrate,Artistic_Orogeny
zidong,Picnic
6,6
7,7
8,8
9,9
Slots,Fauna
UI_Slots_blue_button,UI_Fauna_Wind_Notice
UI_Slots_green_button,UI_Fauna_Stiff_Notice
UI_Slots_light,UI_Fauna_Messy
UI_Slots_lucky,UI_Fauna_Court
UI_Slots_pointer,UI_Fauna_Stinger
pull,Wind
rod,Cow
UI_Slots_pull_rod,UI_Fauna_Wind_Cow
pumpkin,Charter
UI_Slots_pumpkin,UI_Fauna_Charter
seven,Horde
UI_Slots_seven,UI_Fauna_Horde
slots,Taint
UI_Slots_slots,UI_Fauna_Taint
UI_Slots_Wheel_floor,UI_Fauna_Faith_Brood
Shadow,Willow
UI_Slots_Wheel_Shadow,UI_Fauna_Faith_Willow
Light_1,Strap_1
Light_2,Strap_2
UI_Wheel_base,UI_Faith_Shin
UI_Wheel_center,UI_Faith_Barter
UI_Wheel_coin,UI_Faith_Loan
UI_Wheel_diamond,UI_Faith_Shatter
External,Reorient
turntable,Therefore
UI_Wheel_External turntable,UI_Faith_Reorient Therefore
Inner,Small
UI_Wheel_Inner turntable,UI_Faith_Small Therefore
UI_Wheel_pointer,UI_Faith_Stinger
UI_Wheel_prompt,UI_Faith_Easter
UI_Wheel_withdraw,UI_Faith_Elephant
UI_Winning_base,UI_Manager_Shin
UI_Winning_blue,UI_Manager_Wind
UI_Winning_board,UI_Manager_Depot
sweep,Sense
away,Lean
UI_Winning_box_title_sweep away,UI_Manager_Leg_Price_Sense Lean
UI_Winning_coin,UI_Manager_Loan
UI_Winning_diamond,UI_Manager_Shatter
stars,Scrap
UI_Winning_Empty_stars,UI_Manager_Stash_Scrap
UI_Winning_floor,UI_Manager_Brood
fruit,Badge
UI_Winning_fruit,UI_Manager_Badge
UI_Winning_green,UI_Manager_Stiff
UI_Winning_light,UI_Manager_Messy
orange,Review
UI_Winning_orange,UI_Manager_Review
Purple,Helium
UI_Winning_Purple,UI_Manager_Helium
UI_Winning_red,UI_Manager_Tin
UI_Winning_Selected,UI_Manager_Adoption
UI_Winning_star,UI_Manager_Germ
tille,Brand
UI_Winning_tille,UI_Manager_Brand
UI_Winning_wheat,UI_Manager_Reuse
UI_Winning_wheat1,UI_Manager_Reuse1
Sound_BGM,Agent_BGM
SFX,SFX
BigWin,NotUrn
SFX_BigWin,SFX_NotUrn
CardCollect,KeelDynamic
SFX_CardCollect,SFX_KeelDynamic
Link,Pest
CardLink,KeelPest
SFX_CardLink,SFX_KeelPest
CardOpen,KeelPlus
SFX_CardOpen,SFX_KeelPlus
CardSet,KeelCud
SFX_CardSet,SFX_KeelCud
CardSwitch,KeelFactor
SFX_CardSwitch,SFX_KeelFactor
SFX_Coin,SFX_Slit
SFX_Diamond,SFX_Magenta
Eed,Foe
Lost,Work
EedLostGame,FoeWorkKick
SFX_EedLostGame,SFX_FoeWorkKick
EndSuccessGame,RidDepressKick
SFX_EndSuccessGame,SFX_RidDepressKick
SFX_FlyBubble,SFX_SacAvenue
LuckyWheelCollection,AwaitFaithConsultant
SFX_LuckyWheelCollection,SFX_AwaitFaithConsultant
LuckyWheelOpen,AwaitFaithPlus
SFX_LuckyWheelOpen,SFX_AwaitFaithPlus
Rolling,Topical
LuckyWheelRolling,AwaitFaithTopical
SFX_LuckyWheelRolling,SFX_AwaitFaithTopical
LuckyWheelStop,AwaitFaithFloe
SFX_LuckyWheelStop,SFX_AwaitFaithFloe
SFX_Scratch,SFX_Thrifty
ScratchGetReward,ThriftyFarStarve
SFX_ScratchGetReward,SFX_ThriftyFarStarve
SFX_Slots,SFX_Fauna
SlotsGetReward,FaunaFarStarve
SFX_SlotsGetReward,SFX_FaunaFarStarve
Rotate,Across
SlotsRotate,FaunaAcross
SFX_SlotsRotate,SFX_FaunaAcross
SFX_Wand,SFX_Neon
Sound_GoldCoin,Agent_CastSlit
Arm,Mar
Bandit,Squeak
OneArmBandit,JoyMarSqueak
Sound_OneArmBandit,Agent_JoyMarSqueak
Sound_PopShow,Agent_EkeBind
UIButton,UIGibbon
Sound_UIButton,Agent_UIGibbon
ActivityDailyGift,ColonizeScoreWhip
ActivityEndlessTreasure,ColonizeQuitterClearing
ActivityRemoveAd,ColonizeSteadyIt
ButtonGreen,GibbonDimly
ItemBar,AfarMan
RewardItem,StarveAfar
TextBG,MossBG
,
,
,
Item,Afar
,
CashOutPanel,NoteRedSwear
GiftItem,WhipAfar
EndlessItem,QuitterAfar
RankItem,LoveAfar
RankRewardItem,LoveStarveAfar
ShopItem,SodaAfar
Single,Forage
ShopItemSingle,SodaAfarForage
ShopRewardItem,SodaStarveAfar
ErrorCode,SenseRead
ICtrl,IPeak
GameDB,KickDB
IConfigManager,IAdjoinRancher
Particle,Solitary
UIParticleSystem,UISolitaryFarmer

